--
-- PostgreSQL database dump
--

\restrict eE1qGZAHiZErOciFKKXUHn7H8GXkCiwL6w5SfIjY8RUysbXWJRvxKF7Vu3ufeDh

-- Dumped from database version 18.1
-- Dumped by pg_dump version 18.1

-- Started on 2026-04-26 11:25:58

SET statement_timeout = 0;
SET lock_timeout = 0;
SET idle_in_transaction_session_timeout = 0;
SET transaction_timeout = 0;
SET client_encoding = 'UTF8';
SET standard_conforming_strings = on;
SELECT pg_catalog.set_config('search_path', '', false);
SET check_function_bodies = false;
SET xmloption = content;
SET client_min_messages = warning;
SET row_security = off;

--
-- TOC entry 4 (class 2615 OID 2200)
-- Name: public; Type: SCHEMA; Schema: -; Owner: -
--

CREATE SCHEMA public;


--
-- TOC entry 5004 (class 0 OID 0)
-- Dependencies: 4
-- Name: SCHEMA public; Type: COMMENT; Schema: -; Owner: -
--

COMMENT ON SCHEMA public IS 'standard public schema';


SET default_tablespace = '';

SET default_table_access_method = heap;

--
-- TOC entry 220 (class 1259 OID 16813)
-- Name: crop; Type: TABLE; Schema: public; Owner: -
--

CREATE TABLE public.crop (
    crop_id integer NOT NULL,
    crop_name character varying(100) NOT NULL
);


--
-- TOC entry 219 (class 1259 OID 16812)
-- Name: crop_crop_id_seq; Type: SEQUENCE; Schema: public; Owner: -
--

CREATE SEQUENCE public.crop_crop_id_seq
    AS integer
    START WITH 1
    INCREMENT BY 1
    NO MINVALUE
    NO MAXVALUE
    CACHE 1;


--
-- TOC entry 5005 (class 0 OID 0)
-- Dependencies: 219
-- Name: crop_crop_id_seq; Type: SEQUENCE OWNED BY; Schema: public; Owner: -
--

ALTER SEQUENCE public.crop_crop_id_seq OWNED BY public.crop.crop_id;


--
-- TOC entry 224 (class 1259 OID 16831)
-- Name: productiondata; Type: TABLE; Schema: public; Owner: -
--

CREATE TABLE public.productiondata (
    prod_id integer NOT NULL,
    crop_id integer,
    year_id integer,
    area numeric,
    production numeric,
    yield numeric
);


--
-- TOC entry 226 (class 1259 OID 16851)
-- Name: weatherdata; Type: TABLE; Schema: public; Owner: -
--

CREATE TABLE public.weatherdata (
    weather_id integer NOT NULL,
    year_id integer,
    rainfall numeric,
    avg_temperature numeric
);


--
-- TOC entry 222 (class 1259 OID 16822)
-- Name: year; Type: TABLE; Schema: public; Owner: -
--

CREATE TABLE public.year (
    year_id integer NOT NULL,
    fiscal_year character varying(20) NOT NULL
);


--
-- TOC entry 227 (class 1259 OID 16865)
-- Name: ml_ready_data; Type: VIEW; Schema: public; Owner: -
--

CREATE VIEW public.ml_ready_data AS
 SELECT c.crop_name,
    y.fiscal_year,
    p.area,
    p.production,
    p.yield,
    w.rainfall,
    w.avg_temperature
   FROM (((public.productiondata p
     JOIN public.crop c ON ((p.crop_id = c.crop_id)))
     JOIN public.year y ON ((p.year_id = y.year_id)))
     JOIN public.weatherdata w ON ((y.year_id = w.year_id)));


--
-- TOC entry 223 (class 1259 OID 16830)
-- Name: productiondata_prod_id_seq; Type: SEQUENCE; Schema: public; Owner: -
--

CREATE SEQUENCE public.productiondata_prod_id_seq
    AS integer
    START WITH 1
    INCREMENT BY 1
    NO MINVALUE
    NO MAXVALUE
    CACHE 1;


--
-- TOC entry 5006 (class 0 OID 0)
-- Dependencies: 223
-- Name: productiondata_prod_id_seq; Type: SEQUENCE OWNED BY; Schema: public; Owner: -
--

ALTER SEQUENCE public.productiondata_prod_id_seq OWNED BY public.productiondata.prod_id;


--
-- TOC entry 225 (class 1259 OID 16850)
-- Name: weatherdata_weather_id_seq; Type: SEQUENCE; Schema: public; Owner: -
--

CREATE SEQUENCE public.weatherdata_weather_id_seq
    AS integer
    START WITH 1
    INCREMENT BY 1
    NO MINVALUE
    NO MAXVALUE
    CACHE 1;


--
-- TOC entry 5007 (class 0 OID 0)
-- Dependencies: 225
-- Name: weatherdata_weather_id_seq; Type: SEQUENCE OWNED BY; Schema: public; Owner: -
--

ALTER SEQUENCE public.weatherdata_weather_id_seq OWNED BY public.weatherdata.weather_id;


--
-- TOC entry 221 (class 1259 OID 16821)
-- Name: year_year_id_seq; Type: SEQUENCE; Schema: public; Owner: -
--

CREATE SEQUENCE public.year_year_id_seq
    AS integer
    START WITH 1
    INCREMENT BY 1
    NO MINVALUE
    NO MAXVALUE
    CACHE 1;


--
-- TOC entry 5008 (class 0 OID 0)
-- Dependencies: 221
-- Name: year_year_id_seq; Type: SEQUENCE OWNED BY; Schema: public; Owner: -
--

ALTER SEQUENCE public.year_year_id_seq OWNED BY public.year.year_id;


--
-- TOC entry 4828 (class 2604 OID 16816)
-- Name: crop crop_id; Type: DEFAULT; Schema: public; Owner: -
--

ALTER TABLE ONLY public.crop ALTER COLUMN crop_id SET DEFAULT nextval('public.crop_crop_id_seq'::regclass);


--
-- TOC entry 4830 (class 2604 OID 16834)
-- Name: productiondata prod_id; Type: DEFAULT; Schema: public; Owner: -
--

ALTER TABLE ONLY public.productiondata ALTER COLUMN prod_id SET DEFAULT nextval('public.productiondata_prod_id_seq'::regclass);


--
-- TOC entry 4831 (class 2604 OID 16854)
-- Name: weatherdata weather_id; Type: DEFAULT; Schema: public; Owner: -
--

ALTER TABLE ONLY public.weatherdata ALTER COLUMN weather_id SET DEFAULT nextval('public.weatherdata_weather_id_seq'::regclass);


--
-- TOC entry 4829 (class 2604 OID 16825)
-- Name: year year_id; Type: DEFAULT; Schema: public; Owner: -
--

ALTER TABLE ONLY public.year ALTER COLUMN year_id SET DEFAULT nextval('public.year_year_id_seq'::regclass);


--
-- TOC entry 4992 (class 0 OID 16813)
-- Dependencies: 220
-- Data for Name: crop; Type: TABLE DATA; Schema: public; Owner: -
--

COPY public.crop (crop_id, crop_name) FROM stdin;
1	Mash
2	Onion
3	Rice
4	Sugar Cane
5	Wheat
\.


--
-- TOC entry 4996 (class 0 OID 16831)
-- Dependencies: 224
-- Data for Name: productiondata; Type: TABLE DATA; Schema: public; Owner: -
--

COPY public.productiondata (prod_id, crop_id, year_id, area, production, yield) FROM stdin;
1	1	2	670.2	21474.6	32.0420769919427
2	1	3	628.3	19495.72208423667	31.02932052242029
3	1	4	613.6	19952.3363665148	32.51684544738396
4	1	5	626.0	18711.53549034413	29.890631773712656
5	1	6	510.5	20802.5457586657	40.74935506104936
6	1	7	487.1	24959.54514271535	51.24111094788616
7	1	8	535.3	24898.70036166289	46.51354448283746
8	1	9	529.6	29192.363706959175	55.12153267930358
9	1	10	501.0	34567.410369001045	68.99682708383442
10	1	11	525.6	39280.14448365477	74.73391264013466
11	1	12	536.2	37476.14401331025	69.89209998752378
12	1	13	536.1	34239.52530315573	63.86779575294857
13	1	14	596.2	32084.68905971428	53.81531207600517
14	1	15	656.7	29446.0222399065	44.8393821225925
15	1	16	605.6	30661.266461943927	50.6295681339893
16	1	17	604.2	33549.34888676758	55.52689322536838
17	1	18	685.3	34224.64487578101	49.941113199738815
18	1	19	780.3	32091.18439328522	41.12672612236989
19	1	20	672.1	31183.52548821072	46.39715144801476
20	1	21	615.5	35470.85766443431	57.62933820379254
21	1	22	656.8	31371.190325148047	47.76368807117548
22	1	23	735.3	30613.11038949442	41.63349706173592
23	1	24	709.0	34939.93812737097	49.28058974241322
24	1	25	644.7	38129.908337813205	59.14364563023608
25	1	26	625.2	37252.374547612475	59.58473216188814
26	1	27	711.8	38565.02599490318	54.17958133591343
27	1	28	827.2	36723.44860311637	44.39488467494725
28	1	29	666.5	35308.82599529322	52.97648311371826
29	1	30	607.4	30477.86387301078	50.17758293218765
30	1	31	672.2	28346.52761585512	42.1697822312632
31	1	32	761.2	28719.99135944662	37.72988880641963
32	1	33	767.7	34593.24634895621	45.06089142758396
33	1	34	756.8	33029.79735614219	43.64402399067414
34	1	35	710.6	33134.87245570356	46.62942929313757
35	1	36	705.3	37199.02963979264	52.74213758654847
36	1	37	777.8	35040.65374837638	45.05098193414294
37	1	38	859.1	33814.56485542971	39.36045263116019
38	1	39	710.6	33908.01203715982	47.717438836419674
39	1	40	643.4	35424.17030356631	55.05777168723393
40	1	41	777.0	32347.39302182155	41.631136450220794
41	1	42	869.3	32153.991325733055	36.988371477893764
42	1	43	938.0	31965.56686269936	34.0784294911507
43	1	44	762.6	28959.39363990049	37.97455237332873
44	2	29	35.933	285.875	7.955778810564105
45	2	30	44.742	287.3524828985729	6.4224326784357615
46	2	31	43.238	267.8758047556545	6.195379174699443
47	2	32	41.356	317.9937306365476	7.689180061818058
48	2	33	43.709	335.3215638727485	7.6716823508373215
49	2	34	41.91	331.1956941972364	7.902545793300798
50	2	35	44.67	269.104711820233	6.024282780842467
51	2	36	42.83	294.6639195126975	6.879848692801716
52	2	37	46.389	287.3539588855813	6.194441761744836
53	2	38	45.466	248.288919212806	5.460980055707693
54	2	39	42.271	247.4693845449657	5.854353683257214
55	2	40	41.682	235.6666693191547	5.6539194213126684
56	2	41	27.397	232.8454633611779	8.498940152614443
57	2	42	33.213	216.6996323321225	6.524542568636451
58	3	2	1122.199993	1450.899976	1.292906776911734
59	3	3	1108.000006	1330.537335712011	1.20084596435644
60	3	4	1130.900003	1445.710034784641	1.27837123613894
61	3	5	1157.199992	1287.176202283317	1.112319574128823
62	3	6	1149.600002	1497.2662097090613	1.302423631788634
63	3	7	1212.600007	1513.584524304006	1.248214180740975
64	3	8	1123.600001	1701.851495002943	1.514641770637505
65	3	9	1225.200017	1842.174478230082	1.503570398848666
66	3	10	1322.899992	1758.218344043655	1.329063689376494
67	3	11	1302.100012	2001.0647431076288	1.536798037528648
68	3	12	1273.599989	2357.025337344304	1.850679457994486
69	3	13	1265.200002	2214.860660651172	1.75060121494623
70	3	14	1345.400006	2124.380852579844	1.578995721053865
71	3	15	1387.099995	2412.445343503713	1.739200744142251
72	3	16	1373.30001	2247.967306611228	1.636909116902452
73	3	17	1400.99999	2051.282511389963	1.464155978609224
74	3	18	1457.599997	1844.529390977362	1.265456500256402
75	3	19	1544.099998	1529.431568651068	0.9905003371750982
76	3	20	1661.599994	1755.142754894382	1.056296799008283
77	3	21	1679.100006	1689.473287452504	1.006177881850656
78	3	22	1526.799992	1821.472170926416	1.192999856215886
79	3	23	1562.500006	1648.5180087781373	1.05505152156661
80	3	24	1737.299999	1712.746885488662	0.9858670848296373
81	3	25	1803.199981	1914.995842852845	1.061998593073879
82	3	26	1809.5	2158.514701571035	1.192879083487723
83	3	27	1777.400012	1921.463642574698	1.081053015416936
84	3	28	1773.300002	1689.6954285087627	0.952853677664837
85	3	29	1977.659997	1980.877204775916	1.001626774966777
86	3	30	1931.530022	2036.242836997891	1.0542123672970227
87	3	31	1767.000001	1824.271596694294	1.032411768908818
88	3	32	1714.500008	2065.106911168563	1.204495130669351
89	3	33	1711.379992	1937.593689114757	1.1321820391568287
90	3	34	1808.909997	1609.9307782621993	0.890000486996147
91	3	35	1877.709998	1879.788836601172	1.0011071137733647
92	3	36	1780.180009	1873.31493043024	1.052317698749217
93	3	37	1736.479994	1862.7372845197217	1.072708750435349
94	3	38	1840.880006	1635.685332682172	0.8885344657723292
95	3	39	1904.000015	1433.54011554716	0.7529097186205432
96	3	40	2029.050002	1481.418398736872	0.7301044317669171
97	3	41	2394.48	1515.990663059578	0.6331189498595009
98	3	42	2555.139995	1452.70617316346	0.5685426927707183
99	3	43	2189.310003	1302.558716576911	0.5949631229894446
100	3	44	2516.700007	1151.522474415445	0.4575525375343019
101	4	2	670.200002	21474.6	32.042076896323245
102	4	3	628.299999	20469.831417783287	32.5797094546602
103	4	4	613.600004	22730.97262496702	37.04526153322355
104	4	5	625.999999	24734.9494332084	39.51269883821261
105	4	6	510.500003	25002.29422333248	48.97609025740296
106	4	7	487.099995	23337.3194647545	47.91073640794125
107	4	8	535.299997	24427.39100550768	45.633086385964766
108	4	9	529.599999	20677.51386869511	39.04364408560942
109	4	10	501.000006	18305.46112197564	36.53784611327058
110	4	11	525.599997	17086.20826833454	32.508006784358
111	4	12	536.200004	14724.78445779532	27.461365811170936
112	4	13	536.100001	16999.24892457782	31.70910071417406
113	4	14	596.199997	14853.43785265676	24.91351547701661
114	4	15	656.700002	15774.19183384868	24.02039254729388
115	4	16	605.6	18737.588113235688	30.94053519358601
116	4	17	604.199999	21649.61753222411	35.83187283690167
117	4	18	685.299999	24513.34717923485	35.77024254341908
118	4	19	780.300005	23506.27386229267	30.12466193985564
119	4	20	672.099999	24813.99727757207	36.92009717972351
120	4	21	615.500005	28662.16288136379	46.56728293830605
121	4	22	656.799996	33945.75178672625	51.68354444802136
122	4	23	735.300007	31148.15350746595	42.36114947767972
123	4	24	709.000002	28839.6649649034	40.67653721234179
124	4	25	644.700001	32275.09351853891	50.062189341518085
125	4	26	625.200007	35432.778747230404	56.67430958175023
126	4	27	711.800002	39207.44396999272	55.08210713659526
127	4	28	827.199999	44692.42278426752	54.02855758981634
128	4	29	666.499996	48069.3022077971	72.12198424048766
129	4	30	607.42	54339.65881714537	89.45977876452103
130	4	31	672.169998	59064.76900698012	87.87177229380018
131	4	32	761.199999	57288.58989403748	75.26089065856328
132	4	33	767.67	53262.22836613579	69.38167228905102
133	4	34	756.750011	46074.11595098035	60.8841959448354
134	4	35	710.609997	44422.526028362314	62.513229782724686
135	4	36	705.349995	52643.99409283952	74.63527960022104
136	4	37	777.780007	53632.46982718792	68.95583499768198
137	4	38	859.129995	55227.01210007352	64.282486261085
138	4	39	710.609994	48778.344058734314	68.64291871855423
139	4	40	643.43	45479.79827556354	70.68336614016062
140	4	41	776.979994	44302.12728613504	57.01836292857631
141	4	42	869.250008	46324.95184450869	53.2930128480467
142	4	43	938.039992	48201.07488104517	51.38488261921052
143	4	44	762.627006	49947.22907003313	65.49365374825597
144	5	2	5031.199963	7835.300041	1.557342204369069
145	5	3	5144.599945	7679.127684068814	1.492657887136998
146	5	4	5115.000023	8051.564146324301	1.5741083304242047
147	5	5	5033.299973	8371.976665690321	1.663317646593666
148	5	6	5208.999977	9426.318495022007	1.809621527479996
149	5	7	5431.599979	9236.1616188316	1.70044952767896
150	5	8	5211.499981	9137.437679934232	1.75332202115463
151	5	9	5456.199993	9016.935477135145	1.652603549852163
152	5	10	5532.400032	9703.795937289693	1.753993905206038
153	5	11	5576.100006	9215.769445256665	1.652726714969298
154	5	12	5536.399986	10710.19903010994	1.934506007006904
155	5	13	5822.900063	11541.53865202412	1.9820945795311888
156	5	14	5635.899979	12584.586153176548	2.232932841261935
157	5	15	5766.300034	12712.75024821022	2.2046633323364486
158	5	16	5834.300026	12639.06823663384	2.166338409116611
159	5	17	5702.299988	13959.33433599544	2.448018232182043
160	5	18	5797.5	13805.492152508	2.381283683054421
161	5	19	5795.79998	13214.00878483915	2.279928367168935
162	5	20	6040.200054	14750.993958067493	2.4421366554405655
163	5	21	6128.799942	13823.14348890488	2.255440480962085
164	5	22	5980.799934	15688.17279224	2.623089380244097
165	5	23	5975.40004	14329.85249870615	2.398141112357416
166	5	24	6131.199993	14054.694112176	2.29232354648719
167	5	25	6247.699951	12176.05974547541	1.948886764884816
168	5	26	6357.900024	11564.06048850592	1.818849060987676
169	5	27	6304.499992	12812.89638486092	2.032341407109152
170	5	28	6280.200012	13971.79962632432	2.22473800191514
171	5	29	6823.280022	12683.95651122677	1.858923636481348
172	5	30	6900.569988	12657.51496853043	1.834270935667877
173	5	31	6678.29998	12478.716185448508	1.868546819223372
174	5	32	6469.990074	14246.93882556885	2.2020031967005527
175	5	33	6498.320004	15395.62795609477	2.369170485082003
176	5	34	6888.43005	14715.22449624704	2.1362232597900928
177	5	35	6966.530022	14024.49196236333	2.013124456232097
178	5	36	6902.180054	15023.35484798848	2.176610104409263
179	5	37	6649.670006	13721.45438797219	2.063478996039098
180	5	38	6549.309929	14118.16260268142	2.155671781566932
181	5	39	6484.150021	13915.63812362791	2.1461005804245414
182	5	40	6480.919941	13277.470942278092	2.0487015829776447
183	5	41	6709.157818	12038.65749090078	1.794361947874034
184	5	42	6305.341766	12112.21919948734	1.920945707463392
185	5	43	6221.51757	12332.35777905916	1.9822105523780047
\.


--
-- TOC entry 4998 (class 0 OID 16851)
-- Dependencies: 226
-- Data for Name: weatherdata; Type: TABLE DATA; Schema: public; Owner: -
--

COPY public.weatherdata (weather_id, year_id, rainfall, avg_temperature) FROM stdin;
1	1	298.76	24.83
2	2	331.54	24.62
3	3	366.22	23.99
4	4	379.66	23.81
5	5	281.96	24.38
6	6	249.53	24.7
7	7	349.41	24.0
8	8	239.23	24.86
9	9	323.23	25.15
10	10	314.59	24.03
11	11	386.91	24.71
12	12	288.61	24.45
13	13	378.58	24.29
14	14	248.8	24.94
15	15	423.28	24.65
16	16	352.64	24.52
17	17	342.65	24.46
18	18	368.13	23.58
19	19	300.91	24.77
20	20	253.62	25.28
21	21	191.8	25.19
22	22	233.86	25.13
23	23	209.47	25.37
24	24	386.09	24.55
25	25	257.73	25.3
26	26	323.69	24.34
27	27	365.65	24.99
28	28	318.48	25.09
29	29	337.24	24.84
30	30	282.61	25.43
31	31	384.96	25.53
32	32	321.48	25.03
33	33	274.02	24.64
34	34	349.84	25.08
35	35	275.49	24.72
36	36	397.69	24.86
37	37	293.73	25.73
38	38	379.17	25.57
39	39	339.75	25.83
40	40	354.38	25.06
41	41	368.19	25.1
42	42	351.56	25.71
43	43	374.69	26.04
44	44	381.76	25.52
45	45	350.59	\N
\.


--
-- TOC entry 4994 (class 0 OID 16822)
-- Dependencies: 222
-- Data for Name: year; Type: TABLE DATA; Schema: public; Owner: -
--

COPY public.year (year_id, fiscal_year) FROM stdin;
1	1980-81
2	1981-82
3	1982-83
4	1983-84
5	1984-85
6	1985-86
7	1986-87
8	1987-88
9	1988-89
10	1989-90
11	1990-91
12	1991-92
13	1992-93
14	1993-94
15	1994-95
16	1995-96
17	1996-97
18	1997-98
19	1998-99
20	1999-00
21	2000-01
22	2001-02
23	2002-03
24	2003-04
25	2004-05
26	2005-06
27	2006-07
28	2007-08
29	2008-09
30	2009-10
31	2010-11
32	2011-12
33	2012-13
34	2013-14
35	2014-15
36	2015-16
37	2016-17
38	2017-18
39	2018-19
40	2019-20
41	2020-21
42	2021-22
43	2022-23
44	2023-24
45	2024-25
\.


--
-- TOC entry 5009 (class 0 OID 0)
-- Dependencies: 219
-- Name: crop_crop_id_seq; Type: SEQUENCE SET; Schema: public; Owner: -
--

SELECT pg_catalog.setval('public.crop_crop_id_seq', 1, false);


--
-- TOC entry 5010 (class 0 OID 0)
-- Dependencies: 223
-- Name: productiondata_prod_id_seq; Type: SEQUENCE SET; Schema: public; Owner: -
--

SELECT pg_catalog.setval('public.productiondata_prod_id_seq', 1, false);


--
-- TOC entry 5011 (class 0 OID 0)
-- Dependencies: 225
-- Name: weatherdata_weather_id_seq; Type: SEQUENCE SET; Schema: public; Owner: -
--

SELECT pg_catalog.setval('public.weatherdata_weather_id_seq', 1, false);


--
-- TOC entry 5012 (class 0 OID 0)
-- Dependencies: 221
-- Name: year_year_id_seq; Type: SEQUENCE SET; Schema: public; Owner: -
--

SELECT pg_catalog.setval('public.year_year_id_seq', 1, false);


--
-- TOC entry 4833 (class 2606 OID 16820)
-- Name: crop crop_pkey; Type: CONSTRAINT; Schema: public; Owner: -
--

ALTER TABLE ONLY public.crop
    ADD CONSTRAINT crop_pkey PRIMARY KEY (crop_id);


--
-- TOC entry 4837 (class 2606 OID 16839)
-- Name: productiondata productiondata_pkey; Type: CONSTRAINT; Schema: public; Owner: -
--

ALTER TABLE ONLY public.productiondata
    ADD CONSTRAINT productiondata_pkey PRIMARY KEY (prod_id);


--
-- TOC entry 4839 (class 2606 OID 16859)
-- Name: weatherdata weatherdata_pkey; Type: CONSTRAINT; Schema: public; Owner: -
--

ALTER TABLE ONLY public.weatherdata
    ADD CONSTRAINT weatherdata_pkey PRIMARY KEY (weather_id);


--
-- TOC entry 4835 (class 2606 OID 16829)
-- Name: year year_pkey; Type: CONSTRAINT; Schema: public; Owner: -
--

ALTER TABLE ONLY public.year
    ADD CONSTRAINT year_pkey PRIMARY KEY (year_id);


--
-- TOC entry 4840 (class 2606 OID 16840)
-- Name: productiondata productiondata_crop_id_fkey; Type: FK CONSTRAINT; Schema: public; Owner: -
--

ALTER TABLE ONLY public.productiondata
    ADD CONSTRAINT productiondata_crop_id_fkey FOREIGN KEY (crop_id) REFERENCES public.crop(crop_id);


--
-- TOC entry 4841 (class 2606 OID 16845)
-- Name: productiondata productiondata_year_id_fkey; Type: FK CONSTRAINT; Schema: public; Owner: -
--

ALTER TABLE ONLY public.productiondata
    ADD CONSTRAINT productiondata_year_id_fkey FOREIGN KEY (year_id) REFERENCES public.year(year_id);


--
-- TOC entry 4842 (class 2606 OID 16860)
-- Name: weatherdata weatherdata_year_id_fkey; Type: FK CONSTRAINT; Schema: public; Owner: -
--

ALTER TABLE ONLY public.weatherdata
    ADD CONSTRAINT weatherdata_year_id_fkey FOREIGN KEY (year_id) REFERENCES public.year(year_id);


-- Completed on 2026-04-26 11:25:58

--
-- PostgreSQL database dump complete
--

\unrestrict eE1qGZAHiZErOciFKKXUHn7H8GXkCiwL6w5SfIjY8RUysbXWJRvxKF7Vu3ufeDh

